{
    "Word similarity\nMC Dataset @ N100": {
        "statistic": 0.6197982041050111,
        "pvalue": 0.0003360473903788395
    },
    "Word similarity\nMC Dataset": {
        "statistic": 0.724072525404594,
        "pvalue": 8.994311402784625e-06
    },
    "Word similarity\nRG Dataset": {
        "statistic": 0.7850157130429563,
        "pvalue": 1.6236618035026146e-14
    },
    "Word similarity\nWordSim Dataset": {
        "statistic": 0.49022656405756004,
        "pvalue": 1.1105676505687779e-22
    },
    "Sent. similarity\nSTSS-131 v. Datamuse": {
        "statistic": 0.6207214473990158,
        "pvalue": 3.342555588241077e-15
    },
    "Sent. similarity\nSTSS-131 v. TF-IDF": {
        "statistic": 0.776216151106484,
        "pvalue": 2.0516274140670272e-27
    }
}